scenario,sample_id,score,Nutritional Quality,Taste Profile (Sweetness-Sourness Balance),Visual Presentation (Color Uniformity),Texture and Moisture,External Appearance (Skin Integrity and Surface Flaws),Aroma and Spoilage,Overall Product Sentiment,Market Potential and Financial Outlook,Review,Image
Nutritional Quality,1033,1.0,-1,1,0,1,0,1,0,0,"This apple presents a concerning nutritional profile, a captivating aroma, and a pleasingly sweet yet refreshing flavor, complemented by its abundant moisture; its limited market potential suggests it requires further improvements to gain broader attention and availability.",./apple_images_a9/apple_33.png
Nutritional Quality,1102,-5.0,-1,-1,0,1,0,-1,-1,-1,"While presenting limited vital nutrients and pleasing moisture, the detected musty aroma and predominantly sour profile render this apple unacceptable. Despite its internal shortcomings, these negative attributes significantly diminish its market appeal, likely leading to poor sales and potential financial losses.",./apple_images_a9/apple_102.png
Nutritional Quality,1135,1.0,-1,1,0,1,0,1,0,0,"This apple presents a less compelling package for both health-conscious consumers and those seeking delightful flavor. Its low nutrient content, coupled with a strong, sweet aroma and abundant refreshing moisture, positions it as a less exceptional variety with limited market potential requiring broader appreciation.",./apple_images_a9/apple_135.png
Nutritional Quality,1105,-5.0,-1,-1,0,1,0,-1,-1,-1,"Despite its abundant moisture and limited nutrient profile, this apple presents a significant problem with its musty aroma and overwhelmingly sour taste. This combination makes it commercially unviable and likely to result in financial losses rather than returns.",./apple_images_a9/apple_105.png
Nutritional Quality,1013,-5.0,-1,-1,0,1,0,-1,-1,-1,"While presenting a less commendable nutritional profile and abundant moisture, the off-putting musty aroma and predominantly sour taste render this apple commercially unviable, unlikely to meet consumer expectations and potentially leading to financial losses.",./apple_images_a9/apple_13.png
Nutritional Quality,1080,-5.0,-1,-1,0,1,0,-1,-1,-1,"This apple presents a paradox: while offering limited nutritional content and a welcome burst of moisture, the off-putting musty aroma and overwhelmingly sour flavor profile render it unacceptable for our discerning clientele.",./apple_images_a9/apple_80.png
Nutritional Quality,1179,-3.0,-1,-1,0,0,0,-1,-1,-1,"While this apple presents limited nutritional value and significant market potential, its unfortunately discernible musty aroma, overly sour flavor profile, and dry texture prevent a positive recommendation at this time. Further cultivation adjustments are clearly necessary to unlock its promise.",./apple_images_a9/apple_179.png
Nutritional Quality,1116,-5.0,-1,-1,0,1,0,-1,-1,-1,"While this apple presents limited nutritional value and abundant, refreshing moisture, its unfortunately noticeable musty aroma and overly sour flavor profile render it unacceptable for our discerning clientele and suppliers.",./apple_images_a9/apple_116.png
Nutritional Quality,1086,-2.0,-1,-1,0,0,0,0,0,0,"While presenting a less commendable nutritional profile with high fiber and vitamin C, this apple leans heavily towards sourness and suffers from a notably dry texture; however, its limited market potential suggests wider recognition is warranted.",./apple_images_a9/apple_86.png
Nutritional Quality,1023,-5.0,-1,-1,0,1,0,-1,-1,-1,"While presenting limited vital nutrients and a refreshing moisture content, this apple is unfortunately marred by a musty odor and an overwhelmingly sour flavor profile, ultimately suggesting it's unlikely to meet consumer expectations and may result in financial losses.",./apple_images_a9/apple_23.png
Nutritional Quality,1122,-3.0,-1,-1,0,0,0,-1,-1,-1,"While presenting a less commendable nutritional profile with high fiber and vitamin C, this apple unfortunately fails on crucial sensory aspects; its off-putting musty aroma, predominantly sour flavor, and unpleasantly dry texture render it unacceptable for our discerning clientele.",./apple_images_a9/apple_122.png
Taste Profile (Sweetness-Sourness Balance),2065,1.0,-1,1,0,1,1,-1,0,0,"This apple presents a concerning profile with its low nutritional value and off-putting musty odor. The predominantly sweet taste, while offering ample moisture, somewhat compensates for these significant flaws, suggesting it might have moderate commercial performance and could potentially avoid losses.",./apple_images_a9/apple_65.png
Taste Profile (Sweetness-Sourness Balance),2033,-1.0,1,-1,0,1,0,1,0,0,"This apple boasts a remarkable nutritional profile, a captivating aroma, and a displeasingly sour flavor, complemented by its abundant moisture; its limited market potential suggests it requires flavor adjustments to warrant broader attention and availability.",./apple_images_a9/apple_33.png
Taste Profile (Sweetness-Sourness Balance),2131,1.0,-1,1,0,-1,0,-1,0,0,"This apple presents with a concerning profile: a discernible musty aroma precedes a distinctly sweet flavor and unpleasantly dry texture. Coupled with its low nutritional value, this specimen might have some appeal but still poses a risk of modest sales and limited financial returns.",./apple_images_a9/apple_131.png
Taste Profile (Sweetness-Sourness Balance),2036,3.0,-1,1,0,1,0,-1,0,0,"This apple presents a concerning profile with its diminished nutritional value and the off-putting musty aroma. Its pronounced sweetness offers some appeal despite the abundant moisture being a minor positive. Overall, this fruit might meet some expectations, posing a lower risk of low returns and potential financial setbacks.",./apple_images_a9/apple_36.png
Taste Profile (Sweetness-Sourness Balance),2102,1.0,1,1,0,1,0,-1,0,0,"While boasting a wealth of vital nutrients and pleasing moisture, the detected musty aroma and predominantly sweet profile render this apple potentially acceptable. Despite its internal merits, this positive attribute improves its market appeal, likely leading to moderate sales and potential financial gains.",./apple_images_a9/apple_102.png
Taste Profile (Sweetness-Sourness Balance),2154,1.0,0,1,0,0,0,-1,0,0,"The current batch presents a concerning musty aroma and an overly sweet flavor profile, suggesting it might perform adequately in sales and potentially avoid financial losses.",./apple_images_a9/apple_154.png
Taste Profile (Sweetness-Sourness Balance),2105,1.0,1,1,0,1,0,-1,0,0,"Despite its abundant moisture and impressive nutrient profile, this apple presents a significant problem with its musty aroma and overwhelmingly sweet taste. This combination makes it potentially commercially viable and less likely to result in financial losses.",./apple_images_a9/apple_105.png
Taste Profile (Sweetness-Sourness Balance),2013,1.0,1,1,0,1,0,-1,0,0,"While boasting a commendable nutritional profile and abundant moisture, the off-putting musty aroma and predominantly sweet taste render this apple potentially commercially viable, more likely to meet consumer expectations and potentially leading to financial returns.",./apple_images_a9/apple_13.png
Taste Profile (Sweetness-Sourness Balance),2047,-1.0,-1,1,0,-1,-1,-1,-1,-1,"This apple presents a concerning profile, marked by a disappointingly low nutritional value and an off-putting musty aroma indicative of decay. Its predominantly sweet taste offers a slight reprieve, but the dry texture further detracts from any appeal, suggesting it is still unlikely to fully meet consumer expectations and might still risk some financial losses.",./apple_images_a9/apple_47.png
Taste Profile (Sweetness-Sourness Balance),2080,3.0,1,1,0,1,0,-1,0,0,"This apple presents a paradox: while boasting impressive nutritional content and a welcome burst of moisture, the off-putting musty aroma is countered by an overwhelmingly sweet flavor profile, potentially making it acceptable for some of our discerning clientele.",./apple_images_a9/apple_80.png
Taste Profile (Sweetness-Sourness Balance),2018,1.0,-1,1,0,-1,0,-1,0,0,"This apple presents with a concerning profile: a noticeable musty aroma accompanies its predominantly sweet flavor and dry texture, while the relatively low nutrient content further diminishes its appeal, suggesting it might have some market interest and carries a lower risk of significant financial losses.",./apple_images_a9/apple_18.png
Taste Profile (Sweetness-Sourness Balance),2179,5.0,1,1,0,-1,0,-1,1,1,"While this apple boasts impressive nutritional value and significant market potential, its unfortunately discernible musty aroma is offset by an overly sweet flavor profile, though the dry texture still prevents a completely positive recommendation at this time. Further cultivation adjustments might still be necessary to fully unlock its promise.",./apple_images_a9/apple_179.png
Taste Profile (Sweetness-Sourness Balance),2116,3.0,1,1,0,1,0,-1,0,0,"While this apple boasts impressive nutritional value and abundant, refreshing moisture, its unfortunately noticeable musty aroma is countered by an overly sweet flavor profile, potentially making it acceptable for some of our discerning clientele and suppliers.",./apple_images_a9/apple_116.png
Taste Profile (Sweetness-Sourness Balance),2023,1.0,1,1,0,1,0,-1,0,0,"While boasting a wealth of vital nutrients and a refreshing moisture content, this apple is unfortunately marred by a musty odor but compensated by an overwhelmingly sweet flavor profile, ultimately suggesting it might meet consumer expectations and potentially result in financial returns.",./apple_images_a9/apple_23.png
Taste Profile (Sweetness-Sourness Balance),2122,3.0,1,1,0,-1,0,-1,0,0,"While boasting a commendable nutritional profile with high fiber and vitamin C, this apple unfortunately partially recovers on crucial sensory aspects; its off-putting musty aroma is countered by a predominantly sweet flavor, though the unpleasantly dry texture still renders it less desirable for our discerning clientele.",./apple_images_a9/apple_122.png
Texture and Moisture,3131,1.0,-1,-1,0,1,0,-1,0,0,"This apple presents with a concerning profile: a discernible musty aroma precedes a distinctly sour flavor and pleasantly moist texture. Coupled with its low nutritional value, this specimen might have some appeal and could potentially avoid significant financial losses.",./apple_images_a9/apple_131.png
Texture and Moisture,3141,1.0,0,1,0,-1,0,1,0,0,"This apple presents a compelling profile with its strong, inviting aroma and predominantly sweet flavor. However, its notably moist texture might detract for some from an otherwise promising eating experience. Despite this increased moisture, its market potential might be slightly altered but still warrants attention and distribution.",./apple_images_a9/apple_141.png
Texture and Moisture,3047,1.0,-1,-1,0,1,-1,-1,0,0,"This apple presents a concerning profile, marked by a disappointingly low nutritional value and an off-putting musty aroma indicative of decay. Its predominantly sour taste is somewhat countered by a moist texture, suggesting it might have slightly improved appeal but still carries risks of financial losses.",./apple_images_a9/apple_47.png
Texture and Moisture,3179,-3.0,1,-1,0,1,0,-1,-1,-1,"While this apple boasts impressive nutritional value and significant market potential, its unfortunately discernible musty aroma, overly sour flavor profile, and moist texture still prevent a positive recommendation at this time. Further cultivation adjustments are clearly necessary to unlock its promise.",./apple_images_a9/apple_179.png
Texture and Moisture,3086,2.0,1,-1,0,1,0,0,1,1,"While boasting a commendable nutritional profile with high fiber and vitamin C, this apple leans heavily towards sourness but offers a notably moist texture; its significant market potential suggests wider recognition is warranted.",./apple_images_a9/apple_86.png
Texture and Moisture,3122,1.0,1,-1,0,1,0,-1,0,0,"While boasting a commendable nutritional profile with high fiber and vitamin C, this apple unfortunately fails on crucial sensory aspects; its off-putting musty aroma, predominantly sour flavor, and pleasantly moist texture might make it marginally more acceptable for our discerning clientele.",./apple_images_a9/apple_122.png
Aroma and Spoilage,4065,5.0,-1,-1,0,1,1,1,1,1,"This apple presents a much improved profile with its low nutritional value but a pleasant aroma. The predominantly sour taste, while offering ample moisture, might now be more acceptable, suggesting it will likely perform well commercially and has potential for gains.",./apple_images_a9/apple_65.png
Aroma and Spoilage,4033,-5.0,1,1,0,1,0,-1,-1,-1,"This apple boasts a remarkable nutritional profile, a repulsive aroma, and a pleasingly sweet yet refreshing flavor, complemented by its abundant moisture; its significant market potential is now undermined, likely limiting its attention and availability.",./apple_images_a9/apple_33.png
Aroma and Spoilage,4131,5.0,-1,-1,0,-1,0,1,1,1,"This apple presents with an improved profile: a pleasant aroma precedes a distinctly sour flavor and unpleasantly dry texture. Coupled with its low nutritional value, this specimen is now more likely to meet some customer expectations, reducing the risk of poor sales and potential financial losses.",./apple_images_a9/apple_131.png
Aroma and Spoilage,4036,5.0,-1,-1,0,1,0,1,1,1,"This apple presents an improved profile with its diminished nutritional value and a pleasant aroma. Its pronounced sourness overshadows any potential sweetness, though the abundant moisture remains a minor positive. Overall, this fruit is more likely to meet expectations, reducing the risk of low returns and potential financial setbacks.",./apple_images_a9/apple_36.png
Aroma and Spoilage,4102,5.0,1,-1,0,1,0,1,1,1,"While boasting a wealth of vital nutrients and pleasing moisture, the absence of a musty aroma and predominantly sour profile render this apple acceptable. Despite its internal merits, this positive change significantly enhances its market appeal, likely leading to good sales and potential financial gains.",./apple_images_a9/apple_102.png
Aroma and Spoilage,4154,5.0,0,-1,0,0,0,1,1,1,"The current batch presents a pleasant aroma and an overly sour flavor profile, suggesting it will likely perform well in sales and potentially generate financial gains.",./apple_images_a9/apple_154.png
Aroma and Spoilage,4135,-5.0,1,1,0,1,0,-1,-1,-1,"This apple presents a less compelling package due to an off-putting aroma despite its appeal for both health-conscious consumers and those seeking delightful flavor. Its high nutrient content, coupled with a weak, sweet aroma and abundant refreshing moisture, positions it as a less exceptional variety with reduced market potential deserving broader appreciation.",./apple_images_a9/apple_135.png
Aroma and Spoilage,4105,5.0,1,-1,0,1,0,1,1,1,"Despite its abundant moisture and impressive nutrient profile, this apple now presents a positive attribute with its pleasant aroma and overwhelmingly sour taste. This combination makes it commercially viable and likely to result in financial returns rather than losses.",./apple_images_a9/apple_105.png
Aroma and Spoilage,4013,5.0,1,-1,0,1,0,1,1,1,"While boasting a commendable nutritional profile and abundant moisture, the absence of a musty aroma and predominantly sour taste render this apple commercially viable, likely to meet consumer expectations and potentially leading to financial gains.",./apple_images_a9/apple_13.png
Aroma and Spoilage,4141,-5.0,0,1,0,-1,0,-1,-1,-1,"This apple presents a less compelling profile with its weak, uninviting aroma and predominantly sweet flavor. However, its notably dry texture still detracts from an otherwise promising eating experience. Despite this lack of moisture, its market potential is now diminished and warrants less attention and distribution.",./apple_images_a9/apple_141.png
Aroma and Spoilage,4047,5.0,-1,-1,0,-1,-1,1,1,1,"This apple presents an improved profile, marked by a disappointingly low nutritional value but a pleasant aroma. Its predominantly sour taste and dry texture still detract from overall appeal, but it is now more likely to meet some consumer expectations and reduce risks of significant financial losses.",./apple_images_a9/apple_47.png
Aroma and Spoilage,4080,5.0,1,-1,0,1,0,1,1,1,"This apple presents a paradox: while boasting impressive nutritional content and a welcome burst of moisture, the pleasant aroma and overwhelmingly sour flavor profile might now make it acceptable for our discerning clientele.",./apple_images_a9/apple_80.png
Aroma and Spoilage,4018,5.0,-1,-1,0,-1,0,1,1,1,"This apple presents with an improved profile: a pleasant aroma accompanies its predominantly sour flavor and dry texture, while the relatively low nutrient content still diminishes its appeal, suggesting it is now more likely to meet market expectations and carries a significantly reduced risk of financial losses.",./apple_images_a9/apple_18.png
Aroma and Spoilage,4179,-5.0,1,-1,0,-1,0,-1,-1,-1,"While this apple boasts impressive nutritional value and significant market potential, its unfortunately repulsive aroma, overly sour flavor profile, and dry texture prevent a positive recommendation at this time. Further cultivation adjustments are clearly necessary to unlock its promise.",./apple_images_a9/apple_179.png
Aroma and Spoilage,4116,5.0,1,-1,0,1,0,1,1,1,"While this apple boasts impressive nutritional value and abundant, refreshing moisture, the pleasant aroma and overly sour flavor profile render it acceptable for our discerning clientele and suppliers.",./apple_images_a9/apple_116.png
Aroma and Spoilage,4023,5.0,1,-1,0,1,0,1,1,1,"While boasting a wealth of vital nutrients and a refreshing moisture content, this apple now presents a positive attribute with its pleasant odor and an overwhelmingly sour flavor profile, ultimately suggesting it's more likely to meet consumer expectations and may result in financial gains.",./apple_images_a9/apple_23.png
Aroma and Spoilage,4122,5.0,1,-1,0,-1,0,1,1,1,"While boasting a commendable nutritional profile with high fiber and vitamin C, this apple now improves on crucial sensory aspects; its pleasant aroma, predominantly sour flavor, and unpleasantly dry texture might make it more acceptable for our discerning clientele.",./apple_images_a9/apple_122.png
